{"train_loss":0.6734132513109614,"val_f1":0.7306517832724444,"_step":28,"val_acc":0.7342675159235669,"epoch":29,"_runtime":3063,"val_loss":0.8277380382938749,"_timestamp":1.7615367231068997e+09,"_wandb":{"runtime":3063}}